elapsed_s,event,topic,payload
0.0,connected,,rc=0
0.0,message,home/status/402101906,online
0.36,message,home/persons/402101906,"{""count"": 0, ""timestamp"": ""2026-08-04T06:56:47"", ""student_id"": ""402101906""}"
0.37,message,home/telemetry/402101906,"{""cpu_temp_c"": 46.5, ""timestamp"": ""2026-08-04T06:56:47Z"", ""student_id"": ""402101906""}"
2.37,message,home/persons/402101906,"{""count"": 0, ""timestamp"": ""2026-08-04T06:56:49"", ""student_id"": ""402101906""}"
2.37,message,home/telemetry/402101906,"{""cpu_temp_c"": 43.8, ""timestamp"": ""2026-08-04T06:56:49Z"", ""student_id"": ""402101906""}"
4.36,message,home/persons/402101906,"{""count"": 0, ""timestamp"": ""2026-08-04T06:56:51"", ""student_id"": ""402101906""}"
4.37,message,home/telemetry/402101906,"{""cpu_temp_c"": 45.4, ""timestamp"": ""2026-08-04T06:56:51Z"", ""student_id"": ""402101906""}"
6.39,message,home/persons/402101906,"{""count"": 0, ""timestamp"": ""2026-08-04T06:56:53"", ""student_id"": ""402101906""}"
6.39,message,home/telemetry/402101906,"{""cpu_temp_c"": 46.1, ""timestamp"": ""2026-08-04T06:56:53Z"", ""student_id"": ""402101906""}"
8.64,message,home/persons/402101906,"{""count"": 0, ""timestamp"": ""2026-08-04T06:56:55"", ""student_id"": ""402101906""}"
8.64,message,home/telemetry/402101906,"{""cpu_temp_c"": 45.4, ""timestamp"": ""2026-08-04T06:56:55Z"", ""student_id"": ""402101906""}"
10.37,message,home/persons/402101906,"{""count"": 0, ""timestamp"": ""2026-08-04T06:56:57"", ""student_id"": ""402101906""}"
10.37,message,home/telemetry/402101906,"{""cpu_temp_c"": 45.8, ""timestamp"": ""2026-08-04T06:56:57Z"", ""student_id"": ""402101906""}"
12.37,message,home/persons/402101906,"{""count"": 0, ""timestamp"": ""2026-08-04T06:56:59"", ""student_id"": ""402101906""}"
12.37,message,home/telemetry/402101906,"{""cpu_temp_c"": 44.6, ""timestamp"": ""2026-08-04T06:56:59Z"", ""student_id"": ""402101906""}"
14.37,message,home/persons/402101906,"{""count"": 0, ""timestamp"": ""2026-08-04T06:57:01"", ""student_id"": ""402101906""}"
14.37,message,home/telemetry/402101906,"{""cpu_temp_c"": 47.3, ""timestamp"": ""2026-08-04T06:57:01Z"", ""student_id"": ""402101906""}"
16.37,message,home/persons/402101906,"{""count"": 0, ""timestamp"": ""2026-08-04T06:57:03"", ""student_id"": ""402101906""}"
16.38,message,home/telemetry/402101906,"{""cpu_temp_c"": 47.4, ""timestamp"": ""2026-08-04T06:57:03Z"", ""student_id"": ""402101906""}"
18.39,message,home/persons/402101906,"{""count"": 0, ""timestamp"": ""2026-08-04T06:57:05"", ""student_id"": ""402101906""}"
18.4,message,home/telemetry/402101906,"{""cpu_temp_c"": 47.6, ""timestamp"": ""2026-08-04T06:57:05Z"", ""student_id"": ""402101906""}"
20.37,message,home/persons/402101906,"{""count"": 0, ""timestamp"": ""2026-08-04T06:57:07"", ""student_id"": ""402101906""}"
20.37,message,home/telemetry/402101906,"{""cpu_temp_c"": 47.1, ""timestamp"": ""2026-08-04T06:57:07Z"", ""student_id"": ""402101906""}"
22.69,message,home/persons/402101906,"{""count"": 0, ""timestamp"": ""2026-08-04T06:57:09"", ""student_id"": ""402101906""}"
22.69,message,home/telemetry/402101906,"{""cpu_temp_c"": 47.4, ""timestamp"": ""2026-08-04T06:57:09Z"", ""student_id"": ""402101906""}"
24.37,message,home/persons/402101906,"{""count"": 0, ""timestamp"": ""2026-08-04T06:57:11"", ""student_id"": ""402101906""}"
24.38,message,home/telemetry/402101906,"{""cpu_temp_c"": 46.9, ""timestamp"": ""2026-08-04T06:57:11Z"", ""student_id"": ""402101906""}"
26.37,message,home/persons/402101906,"{""count"": 0, ""timestamp"": ""2026-08-04T06:57:13"", ""student_id"": ""402101906""}"
26.38,message,home/telemetry/402101906,"{""cpu_temp_c"": 44.9, ""timestamp"": ""2026-08-04T06:57:13Z"", ""student_id"": ""402101906""}"
28.37,message,home/persons/402101906,"{""count"": 0, ""timestamp"": ""2026-08-04T06:57:15"", ""student_id"": ""402101906""}"
28.38,message,home/telemetry/402101906,"{""cpu_temp_c"": 46.9, ""timestamp"": ""2026-08-04T06:57:15Z"", ""student_id"": ""402101906""}"
30.37,message,home/persons/402101906,"{""count"": 0, ""timestamp"": ""2026-08-04T06:57:17"", ""student_id"": ""402101906""}"
30.41,message,home/telemetry/402101906,"{""cpu_temp_c"": 47.4, ""timestamp"": ""2026-08-04T06:57:17Z"", ""student_id"": ""402101906""}"
32.38,message,home/persons/402101906,"{""count"": 0, ""timestamp"": ""2026-08-04T06:57:19"", ""student_id"": ""402101906""}"
32.56,message,home/telemetry/402101906,"{""cpu_temp_c"": 42.2, ""timestamp"": ""2026-08-04T06:57:19Z"", ""student_id"": ""402101906""}"
34.38,message,home/persons/402101906,"{""count"": 0, ""timestamp"": ""2026-08-04T06:57:21"", ""student_id"": ""402101906""}"
34.38,message,home/telemetry/402101906,"{""cpu_temp_c"": 48.2, ""timestamp"": ""2026-08-04T06:57:21Z"", ""student_id"": ""402101906""}"
36.38,message,home/persons/402101906,"{""count"": 0, ""timestamp"": ""2026-08-04T06:57:23"", ""student_id"": ""402101906""}"
36.38,message,home/telemetry/402101906,"{""cpu_temp_c"": 46.9, ""timestamp"": ""2026-08-04T06:57:23Z"", ""student_id"": ""402101906""}"
38.38,message,home/persons/402101906,"{""count"": 0, ""timestamp"": ""2026-08-04T06:57:25"", ""student_id"": ""402101906""}"
38.38,message,home/telemetry/402101906,"{""cpu_temp_c"": 45.4, ""timestamp"": ""2026-08-04T06:57:25Z"", ""student_id"": ""402101906""}"
40.38,message,home/persons/402101906,"{""count"": 0, ""timestamp"": ""2026-08-04T06:57:27"", ""student_id"": ""402101906""}"
40.38,message,home/telemetry/402101906,"{""cpu_temp_c"": 47.4, ""timestamp"": ""2026-08-04T06:57:27Z"", ""student_id"": ""402101906""}"
42.38,message,home/persons/402101906,"{""count"": 0, ""timestamp"": ""2026-08-04T06:57:29"", ""student_id"": ""402101906""}"
42.39,message,home/telemetry/402101906,"{""cpu_temp_c"": 44.1, ""timestamp"": ""2026-08-04T06:57:29Z"", ""student_id"": ""402101906""}"
44.38,message,home/persons/402101906,"{""count"": 0, ""timestamp"": ""2026-08-04T06:57:31"", ""student_id"": ""402101906""}"
44.38,message,home/telemetry/402101906,"{""cpu_temp_c"": 47.2, ""timestamp"": ""2026-08-04T06:57:31Z"", ""student_id"": ""402101906""}"
46.45,message,home/persons/402101906,"{""count"": 0, ""timestamp"": ""2026-08-04T06:57:33"", ""student_id"": ""402101906""}"
46.46,message,home/telemetry/402101906,"{""cpu_temp_c"": 47.4, ""timestamp"": ""2026-08-04T06:57:33Z"", ""student_id"": ""402101906""}"
48.38,message,home/persons/402101906,"{""count"": 0, ""timestamp"": ""2026-08-04T06:57:35"", ""student_id"": ""402101906""}"
48.38,message,home/telemetry/402101906,"{""cpu_temp_c"": 46.1, ""timestamp"": ""2026-08-04T06:57:35Z"", ""student_id"": ""402101906""}"
50.38,message,home/persons/402101906,"{""count"": 0, ""timestamp"": ""2026-08-04T06:57:37"", ""student_id"": ""402101906""}"
50.38,message,home/telemetry/402101906,"{""cpu_temp_c"": 45.8, ""timestamp"": ""2026-08-04T06:57:37Z"", ""student_id"": ""402101906""}"
52.38,message,home/persons/402101906,"{""count"": 0, ""timestamp"": ""2026-08-04T06:57:39"", ""student_id"": ""402101906""}"
52.39,message,home/telemetry/402101906,"{""cpu_temp_c"": 47.7, ""timestamp"": ""2026-08-04T06:57:39Z"", ""student_id"": ""402101906""}"
54.38,message,home/persons/402101906,"{""count"": 0, ""timestamp"": ""2026-08-04T06:57:41"", ""student_id"": ""402101906""}"
54.39,message,home/telemetry/402101906,"{""cpu_temp_c"": 44.9, ""timestamp"": ""2026-08-04T06:57:41Z"", ""student_id"": ""402101906""}"
56.39,message,home/persons/402101906,"{""count"": 0, ""timestamp"": ""2026-08-04T06:57:43"", ""student_id"": ""402101906""}"
56.39,message,home/telemetry/402101906,"{""cpu_temp_c"": 45.2, ""timestamp"": ""2026-08-04T06:57:43Z"", ""student_id"": ""402101906""}"
58.43,message,home/persons/402101906,"{""count"": 0, ""timestamp"": ""2026-08-04T06:57:45"", ""student_id"": ""402101906""}"
58.44,message,home/telemetry/402101906,"{""cpu_temp_c"": 47.2, ""timestamp"": ""2026-08-04T06:57:45Z"", ""student_id"": ""402101906""}"
60.48,message,home/persons/402101906,"{""count"": 0, ""timestamp"": ""2026-08-04T06:57:47"", ""student_id"": ""402101906""}"
60.48,message,home/telemetry/402101906,"{""cpu_temp_c"": 46.4, ""timestamp"": ""2026-08-04T06:57:47Z"", ""student_id"": ""402101906""}"
62.44,message,home/persons/402101906,"{""count"": 0, ""timestamp"": ""2026-08-04T06:57:49"", ""student_id"": ""402101906""}"
62.44,message,home/telemetry/402101906,"{""cpu_temp_c"": 46.3, ""timestamp"": ""2026-08-04T06:57:49Z"", ""student_id"": ""402101906""}"
64.47,message,home/persons/402101906,"{""count"": 0, ""timestamp"": ""2026-08-04T06:57:51"", ""student_id"": ""402101906""}"
64.48,message,home/telemetry/402101906,"{""cpu_temp_c"": 47.9, ""timestamp"": ""2026-08-04T06:57:51Z"", ""student_id"": ""402101906""}"
65.88,message,home/status/402101906,offline
65.88,disconnected,,rc=7
250.89,connected,,rc=0
250.89,message,home/status/402101906,offline
251.68,message,home/persons/402101906,"{""count"": 0, ""timestamp"": ""2026-08-04T07:00:59"", ""student_id"": ""402101906""}"
251.69,message,home/telemetry/402101906,"{""cpu_temp_c"": 46.3, ""timestamp"": ""2026-08-04T07:00:59Z"", ""student_id"": ""402101906""}"
253.68,message,home/persons/402101906,"{""count"": 0, ""timestamp"": ""2026-08-04T07:01:00"", ""student_id"": ""402101906""}"
253.68,message,home/telemetry/402101906,"{""cpu_temp_c"": 47.2, ""timestamp"": ""2026-08-04T07:01:01Z"", ""student_id"": ""402101906""}"
255.68,message,home/persons/402101906,"{""count"": 0, ""timestamp"": ""2026-08-04T07:01:02"", ""student_id"": ""402101906""}"
255.69,message,home/telemetry/402101906,"{""cpu_temp_c"": 46.5, ""timestamp"": ""2026-08-04T07:01:03Z"", ""student_id"": ""402101906""}"
257.68,message,home/persons/402101906,"{""count"": 0, ""timestamp"": ""2026-08-04T07:01:04"", ""student_id"": ""402101906""}"
257.69,message,home/telemetry/402101906,"{""cpu_temp_c"": 45.9, ""timestamp"": ""2026-08-04T07:01:05Z"", ""student_id"": ""402101906""}"
259.68,message,home/persons/402101906,"{""count"": 0, ""timestamp"": ""2026-08-04T07:01:06"", ""student_id"": ""402101906""}"
259.69,message,home/telemetry/402101906,"{""cpu_temp_c"": 46.5, ""timestamp"": ""2026-08-04T07:01:07Z"", ""student_id"": ""402101906""}"
261.7,message,home/persons/402101906,"{""count"": 1, ""timestamp"": ""2026-08-04T07:01:08"", ""student_id"": ""402101906""}"
261.71,message,home/telemetry/402101906,"{""cpu_temp_c"": 47.8, ""timestamp"": ""2026-08-04T07:01:09Z"", ""student_id"": ""402101906""}"
266.9,message,home/persons/402101906,"{""count"": 0, ""timestamp"": ""2026-08-04T07:01:13"", ""student_id"": ""402101906""}"
266.9,message,home/telemetry/402101906,"{""cpu_temp_c"": 45.4, ""timestamp"": ""2026-08-04T07:01:14Z"", ""student_id"": ""402101906""}"
268.9,message,home/persons/402101906,"{""count"": 0, ""timestamp"": ""2026-08-04T07:01:16"", ""student_id"": ""402101906""}"
268.9,message,home/telemetry/402101906,"{""cpu_temp_c"": 46.7, ""timestamp"": ""2026-08-04T07:01:16Z"", ""student_id"": ""402101906""}"
270.91,message,home/persons/402101906,"{""count"": 0, ""timestamp"": ""2026-08-04T07:01:17"", ""student_id"": ""402101906""}"
270.92,message,home/telemetry/402101906,"{""cpu_temp_c"": 45.5, ""timestamp"": ""2026-08-04T07:01:18Z"", ""student_id"": ""402101906""}"
272.9,message,home/persons/402101906,"{""count"": 1, ""timestamp"": ""2026-08-04T07:01:20"", ""student_id"": ""402101906""}"
272.91,message,home/telemetry/402101906,"{""cpu_temp_c"": 48.5, ""timestamp"": ""2026-08-04T07:01:20Z"", ""student_id"": ""402101906""}"
274.9,message,home/persons/402101906,"{""count"": 0, ""timestamp"": ""2026-08-04T07:01:21"", ""student_id"": ""402101906""}"
274.91,message,home/telemetry/402101906,"{""cpu_temp_c"": 46.4, ""timestamp"": ""2026-08-04T07:01:22Z"", ""student_id"": ""402101906""}"
276.9,message,home/persons/402101906,"{""count"": 0, ""timestamp"": ""2026-08-04T07:01:24"", ""student_id"": ""402101906""}"
276.91,message,home/telemetry/402101906,"{""cpu_temp_c"": 50.2, ""timestamp"": ""2026-08-04T07:01:24Z"", ""student_id"": ""402101906""}"
278.91,message,home/persons/402101906,"{""count"": 0, ""timestamp"": ""2026-08-04T07:01:25"", ""student_id"": ""402101906""}"
278.91,message,home/telemetry/402101906,"{""cpu_temp_c"": 47.3, ""timestamp"": ""2026-08-04T07:01:26Z"", ""student_id"": ""402101906""}"
280.91,message,home/persons/402101906,"{""count"": 1, ""timestamp"": ""2026-08-04T07:01:28"", ""student_id"": ""402101906""}"
280.95,message,home/telemetry/402101906,"{""cpu_temp_c"": 47.7, ""timestamp"": ""2026-08-04T07:01:28Z"", ""student_id"": ""402101906""}"
282.91,message,home/persons/402101906,"{""count"": 1, ""timestamp"": ""2026-08-04T07:01:29"", ""student_id"": ""402101906""}"
282.91,message,home/telemetry/402101906,"{""cpu_temp_c"": 49.0, ""timestamp"": ""2026-08-04T07:01:30Z"", ""student_id"": ""402101906""}"
284.91,message,home/persons/402101906,"{""count"": 1, ""timestamp"": ""2026-08-04T07:01:32"", ""student_id"": ""402101906""}"
284.91,message,home/telemetry/402101906,"{""cpu_temp_c"": 49.5, ""timestamp"": ""2026-08-04T07:01:32Z"", ""student_id"": ""402101906""}"
286.91,message,home/persons/402101906,"{""count"": 1, ""timestamp"": ""2026-08-04T07:01:33"", ""student_id"": ""402101906""}"
286.91,message,home/telemetry/402101906,"{""cpu_temp_c"": 44.8, ""timestamp"": ""2026-08-04T07:01:34Z"", ""student_id"": ""402101906""}"
288.91,message,home/persons/402101906,"{""count"": 1, ""timestamp"": ""2026-08-04T07:01:36"", ""student_id"": ""402101906""}"
288.91,message,home/telemetry/402101906,"{""cpu_temp_c"": 47.8, ""timestamp"": ""2026-08-04T07:01:36Z"", ""student_id"": ""402101906""}"
290.91,message,home/persons/402101906,"{""count"": 0, ""timestamp"": ""2026-08-04T07:01:37"", ""student_id"": ""402101906""}"
290.91,message,home/telemetry/402101906,"{""cpu_temp_c"": 45.3, ""timestamp"": ""2026-08-04T07:01:38Z"", ""student_id"": ""402101906""}"
292.92,message,home/persons/402101906,"{""count"": 0, ""timestamp"": ""2026-08-04T07:01:40"", ""student_id"": ""402101906""}"
292.92,message,home/telemetry/402101906,"{""cpu_temp_c"": 48.2, ""timestamp"": ""2026-08-04T07:01:40Z"", ""student_id"": ""402101906""}"
294.92,message,home/persons/402101906,"{""count"": 1, ""timestamp"": ""2026-08-04T07:01:41"", ""student_id"": ""402101906""}"
294.92,message,home/telemetry/402101906,"{""cpu_temp_c"": 47.7, ""timestamp"": ""2026-08-04T07:01:42Z"", ""student_id"": ""402101906""}"
299.16,message,home/persons/402101906,"{""count"": 1, ""timestamp"": ""2026-08-04T07:01:46"", ""student_id"": ""402101906""}"
299.16,message,home/telemetry/402101906,"{""cpu_temp_c"": 44.9, ""timestamp"": ""2026-08-04T07:01:46Z"", ""student_id"": ""402101906""}"
301.2,message,home/persons/402101906,"{""count"": 1, ""timestamp"": ""2026-08-04T07:01:48"", ""student_id"": ""402101906""}"
301.21,message,home/telemetry/402101906,"{""cpu_temp_c"": 50.3, ""timestamp"": ""2026-08-04T07:01:48Z"", ""student_id"": ""402101906""}"
303.16,message,home/persons/402101906,"{""count"": 1, ""timestamp"": ""2026-08-04T07:01:50"", ""student_id"": ""402101906""}"
303.16,message,home/telemetry/402101906,"{""cpu_temp_c"": 45.3, ""timestamp"": ""2026-08-04T07:01:50Z"", ""student_id"": ""402101906""}"
305.16,message,home/persons/402101906,"{""count"": 1, ""timestamp"": ""2026-08-04T07:01:52"", ""student_id"": ""402101906""}"
305.16,message,home/telemetry/402101906,"{""cpu_temp_c"": 48.3, ""timestamp"": ""2026-08-04T07:01:52Z"", ""student_id"": ""402101906""}"
307.16,message,home/persons/402101906,"{""count"": 1, ""timestamp"": ""2026-08-04T07:01:54"", ""student_id"": ""402101906""}"
307.17,message,home/telemetry/402101906,"{""cpu_temp_c"": 46.3, ""timestamp"": ""2026-08-04T07:01:54Z"", ""student_id"": ""402101906""}"
309.21,message,home/persons/402101906,"{""count"": 1, ""timestamp"": ""2026-08-04T07:01:56"", ""student_id"": ""402101906""}"
309.22,message,home/telemetry/402101906,"{""cpu_temp_c"": 48.4, ""timestamp"": ""2026-08-04T07:01:56Z"", ""student_id"": ""402101906""}"
311.16,message,home/persons/402101906,"{""count"": 1, ""timestamp"": ""2026-08-04T07:01:58"", ""student_id"": ""402101906""}"
311.2,message,home/telemetry/402101906,"{""cpu_temp_c"": 45.4, ""timestamp"": ""2026-08-04T07:01:58Z"", ""student_id"": ""402101906""}"
313.21,message,home/persons/402101906,"{""count"": 1, ""timestamp"": ""2026-08-04T07:02:00"", ""student_id"": ""402101906""}"
313.21,message,home/telemetry/402101906,"{""cpu_temp_c"": 46.3, ""timestamp"": ""2026-08-04T07:02:00Z"", ""student_id"": ""402101906""}"
315.23,message,home/persons/402101906,"{""count"": 1, ""timestamp"": ""2026-08-04T07:02:02"", ""student_id"": ""402101906""}"
315.24,message,home/telemetry/402101906,"{""cpu_temp_c"": 43.5, ""timestamp"": ""2026-08-04T07:02:02Z"", ""student_id"": ""402101906""}"
317.2,message,home/persons/402101906,"{""count"": 1, ""timestamp"": ""2026-08-04T07:02:04"", ""student_id"": ""402101906""}"
317.21,message,home/telemetry/402101906,"{""cpu_temp_c"": 48.2, ""timestamp"": ""2026-08-04T07:02:04Z"", ""student_id"": ""402101906""}"
319.24,message,home/persons/402101906,"{""count"": 1, ""timestamp"": ""2026-08-04T07:02:06"", ""student_id"": ""402101906""}"
319.26,message,home/telemetry/402101906,"{""cpu_temp_c"": 49.2, ""timestamp"": ""2026-08-04T07:02:06Z"", ""student_id"": ""402101906""}"
321.19,message,home/persons/402101906,"{""count"": 1, ""timestamp"": ""2026-08-04T07:02:08"", ""student_id"": ""402101906""}"
321.19,message,home/telemetry/402101906,"{""cpu_temp_c"": 46.4, ""timestamp"": ""2026-08-04T07:02:08Z"", ""student_id"": ""402101906""}"
323.24,message,home/persons/402101906,"{""count"": 1, ""timestamp"": ""2026-08-04T07:02:10"", ""student_id"": ""402101906""}"
323.24,message,home/telemetry/402101906,"{""cpu_temp_c"": 49.0, ""timestamp"": ""2026-08-04T07:02:10Z"", ""student_id"": ""402101906""}"
325.18,message,home/persons/402101906,"{""count"": 1, ""timestamp"": ""2026-08-04T07:02:12"", ""student_id"": ""402101906""}"
325.19,message,home/telemetry/402101906,"{""cpu_temp_c"": 45.4, ""timestamp"": ""2026-08-04T07:02:12Z"", ""student_id"": ""402101906""}"
329.82,message,home/persons/402101906,"{""count"": 1, ""timestamp"": ""2026-08-04T07:02:17"", ""student_id"": ""402101906""}"
329.83,message,home/telemetry/402101906,"{""cpu_temp_c"": 44.7, ""timestamp"": ""2026-08-04T07:02:17Z"", ""student_id"": ""402101906""}"
331.84,message,home/persons/402101906,"{""count"": 1, ""timestamp"": ""2026-08-04T07:02:18"", ""student_id"": ""402101906""}"
331.85,message,home/telemetry/402101906,"{""cpu_temp_c"": 44.6, ""timestamp"": ""2026-08-04T07:02:19Z"", ""student_id"": ""402101906""}"
333.87,message,home/persons/402101906,"{""count"": 1, ""timestamp"": ""2026-08-04T07:02:20"", ""student_id"": ""402101906""}"
333.87,message,home/telemetry/402101906,"{""cpu_temp_c"": 46.4, ""timestamp"": ""2026-08-04T07:02:21Z"", ""student_id"": ""402101906""}"
335.83,message,home/persons/402101906,"{""count"": 0, ""timestamp"": ""2026-08-04T07:02:23"", ""student_id"": ""402101906""}"
335.83,message,home/telemetry/402101906,"{""cpu_temp_c"": 46.4, ""timestamp"": ""2026-08-04T07:02:23Z"", ""student_id"": ""402101906""}"
337.84,message,home/persons/402101906,"{""count"": 0, ""timestamp"": ""2026-08-04T07:02:24"", ""student_id"": ""402101906""}"
337.85,message,home/telemetry/402101906,"{""cpu_temp_c"": 47.1, ""timestamp"": ""2026-08-04T07:02:25Z"", ""student_id"": ""402101906""}"
339.84,message,home/persons/402101906,"{""count"": 1, ""timestamp"": ""2026-08-04T07:02:27"", ""student_id"": ""402101906""}"
339.84,message,home/telemetry/402101906,"{""cpu_temp_c"": 47.0, ""timestamp"": ""2026-08-04T07:02:27Z"", ""student_id"": ""402101906""}"
341.83,message,home/persons/402101906,"{""count"": 1, ""timestamp"": ""2026-08-04T07:02:28"", ""student_id"": ""402101906""}"
341.87,message,home/telemetry/402101906,"{""cpu_temp_c"": 48.3, ""timestamp"": ""2026-08-04T07:02:29Z"", ""student_id"": ""402101906""}"
343.92,message,home/persons/402101906,"{""count"": 0, ""timestamp"": ""2026-08-04T07:02:30"", ""student_id"": ""402101906""}"
343.94,message,home/telemetry/402101906,"{""cpu_temp_c"": 46.1, ""timestamp"": ""2026-08-04T07:02:31Z"", ""student_id"": ""402101906""}"
345.83,message,home/persons/402101906,"{""count"": 0, ""timestamp"": ""2026-08-04T07:02:32"", ""student_id"": ""402101906""}"
345.83,message,home/telemetry/402101906,"{""cpu_temp_c"": 39.8, ""timestamp"": ""2026-08-04T07:02:33Z"", ""student_id"": ""402101906""}"
347.83,message,home/persons/402101906,"{""count"": 0, ""timestamp"": ""2026-08-04T07:02:35"", ""student_id"": ""402101906""}"
347.84,message,home/telemetry/402101906,"{""cpu_temp_c"": 47.6, ""timestamp"": ""2026-08-04T07:02:35Z"", ""student_id"": ""402101906""}"
349.83,message,home/persons/402101906,"{""count"": 0, ""timestamp"": ""2026-08-04T07:02:36"", ""student_id"": ""402101906""}"
349.84,message,home/telemetry/402101906,"{""cpu_temp_c"": 47.9, ""timestamp"": ""2026-08-04T07:02:37Z"", ""student_id"": ""402101906""}"
351.84,message,home/persons/402101906,"{""count"": 1, ""timestamp"": ""2026-08-04T07:02:39"", ""student_id"": ""402101906""}"
351.84,message,home/telemetry/402101906,"{""cpu_temp_c"": 46.5, ""timestamp"": ""2026-08-04T07:02:39Z"", ""student_id"": ""402101906""}"
353.84,message,home/persons/402101906,"{""count"": 1, ""timestamp"": ""2026-08-04T07:02:40"", ""student_id"": ""402101906""}"
353.84,message,home/telemetry/402101906,"{""cpu_temp_c"": 50.1, ""timestamp"": ""2026-08-04T07:02:41Z"", ""student_id"": ""402101906""}"
355.84,message,home/persons/402101906,"{""count"": 0, ""timestamp"": ""2026-08-04T07:02:43"", ""student_id"": ""402101906""}"
355.84,message,home/telemetry/402101906,"{""cpu_temp_c"": 48.3, ""timestamp"": ""2026-08-04T07:02:43Z"", ""student_id"": ""402101906""}"
357.86,message,home/persons/402101906,"{""count"": 0, ""timestamp"": ""2026-08-04T07:02:44"", ""student_id"": ""402101906""}"
357.87,message,home/telemetry/402101906,"{""cpu_temp_c"": 46.3, ""timestamp"": ""2026-08-04T07:02:45Z"", ""student_id"": ""402101906""}"
359.84,message,home/persons/402101906,"{""count"": 0, ""timestamp"": ""2026-08-04T07:02:47"", ""student_id"": ""402101906""}"
359.84,message,home/telemetry/402101906,"{""cpu_temp_c"": 47.1, ""timestamp"": ""2026-08-04T07:02:47Z"", ""student_id"": ""402101906""}"
361.85,message,home/persons/402101906,"{""count"": 0, ""timestamp"": ""2026-08-04T07:02:49"", ""student_id"": ""402101906""}"
361.86,message,home/telemetry/402101906,"{""cpu_temp_c"": 46.7, ""timestamp"": ""2026-08-04T07:02:49Z"", ""student_id"": ""402101906""}"
363.84,message,home/persons/402101906,"{""count"": 0, ""timestamp"": ""2026-08-04T07:02:51"", ""student_id"": ""402101906""}"
363.85,message,home/telemetry/402101906,"{""cpu_temp_c"": 47.1, ""timestamp"": ""2026-08-04T07:02:51Z"", ""student_id"": ""402101906""}"
365.85,message,home/persons/402101906,"{""count"": 0, ""timestamp"": ""2026-08-04T07:02:53"", ""student_id"": ""402101906""}"
365.86,message,home/telemetry/402101906,"{""cpu_temp_c"": 47.7, ""timestamp"": ""2026-08-04T07:02:53Z"", ""student_id"": ""402101906""}"
367.85,message,home/persons/402101906,"{""count"": 1, ""timestamp"": ""2026-08-04T07:02:55"", ""student_id"": ""402101906""}"
367.85,message,home/telemetry/402101906,"{""cpu_temp_c"": 45.3, ""timestamp"": ""2026-08-04T07:02:55Z"", ""student_id"": ""402101906""}"
372.36,message,home/persons/402101906,"{""count"": 0, ""timestamp"": ""2026-08-04T07:02:59"", ""student_id"": ""402101906""}"
372.36,message,home/telemetry/402101906,"{""cpu_temp_c"": 43.0, ""timestamp"": ""2026-08-04T07:02:59Z"", ""student_id"": ""402101906""}"
374.44,message,home/persons/402101906,"{""count"": 0, ""timestamp"": ""2026-08-04T07:03:01"", ""student_id"": ""402101906""}"
374.45,message,home/telemetry/402101906,"{""cpu_temp_c"": 46.5, ""timestamp"": ""2026-08-04T07:03:01Z"", ""student_id"": ""402101906""}"
376.38,message,home/persons/402101906,"{""count"": 0, ""timestamp"": ""2026-08-04T07:03:03"", ""student_id"": ""402101906""}"
376.39,message,home/telemetry/402101906,"{""cpu_temp_c"": 49.5, ""timestamp"": ""2026-08-04T07:03:03Z"", ""student_id"": ""402101906""}"
378.43,message,home/persons/402101906,"{""count"": 0, ""timestamp"": ""2026-08-04T07:03:05"", ""student_id"": ""402101906""}"
378.44,message,home/telemetry/402101906,"{""cpu_temp_c"": 46.7, ""timestamp"": ""2026-08-04T07:03:05Z"", ""student_id"": ""402101906""}"
380.36,message,home/persons/402101906,"{""count"": 1, ""timestamp"": ""2026-08-04T07:03:07"", ""student_id"": ""402101906""}"
380.37,message,home/telemetry/402101906,"{""cpu_temp_c"": 47.2, ""timestamp"": ""2026-08-04T07:03:07Z"", ""student_id"": ""402101906""}"
382.37,message,home/persons/402101906,"{""count"": 1, ""timestamp"": ""2026-08-04T07:03:09"", ""student_id"": ""402101906""}"
382.37,message,home/telemetry/402101906,"{""cpu_temp_c"": 49.9, ""timestamp"": ""2026-08-04T07:03:09Z"", ""student_id"": ""402101906""}"
384.37,message,home/persons/402101906,"{""count"": 0, ""timestamp"": ""2026-08-04T07:03:11"", ""student_id"": ""402101906""}"
384.37,message,home/telemetry/402101906,"{""cpu_temp_c"": 45.8, ""timestamp"": ""2026-08-04T07:03:11Z"", ""student_id"": ""402101906""}"
386.37,message,home/persons/402101906,"{""count"": 0, ""timestamp"": ""2026-08-04T07:03:13"", ""student_id"": ""402101906""}"
386.37,message,home/telemetry/402101906,"{""cpu_temp_c"": 43.8, ""timestamp"": ""2026-08-04T07:03:13Z"", ""student_id"": ""402101906""}"
388.95,message,home/persons/402101906,"{""count"": 0, ""timestamp"": ""2026-08-04T07:03:15"", ""student_id"": ""402101906""}"
388.95,message,home/telemetry/402101906,"{""cpu_temp_c"": 44.8, ""timestamp"": ""2026-08-04T07:03:15Z"", ""student_id"": ""402101906""}"
390.37,message,home/persons/402101906,"{""count"": 0, ""timestamp"": ""2026-08-04T07:03:17"", ""student_id"": ""402101906""}"
390.37,message,home/telemetry/402101906,"{""cpu_temp_c"": 45.8, ""timestamp"": ""2026-08-04T07:03:17Z"", ""student_id"": ""402101906""}"
392.37,message,home/persons/402101906,"{""count"": 1, ""timestamp"": ""2026-08-04T07:03:19"", ""student_id"": ""402101906""}"
392.38,message,home/telemetry/402101906,"{""cpu_temp_c"": 47.8, ""timestamp"": ""2026-08-04T07:03:19Z"", ""student_id"": ""402101906""}"
394.37,message,home/persons/402101906,"{""count"": 1, ""timestamp"": ""2026-08-04T07:03:21"", ""student_id"": ""402101906""}"
394.37,message,home/telemetry/402101906,"{""cpu_temp_c"": 47.2, ""timestamp"": ""2026-08-04T07:03:21Z"", ""student_id"": ""402101906""}"
396.37,message,home/persons/402101906,"{""count"": 1, ""timestamp"": ""2026-08-04T07:03:23"", ""student_id"": ""402101906""}"
396.37,message,home/telemetry/402101906,"{""cpu_temp_c"": 42.0, ""timestamp"": ""2026-08-04T07:03:23Z"", ""student_id"": ""402101906""}"
398.37,message,home/persons/402101906,"{""count"": 1, ""timestamp"": ""2026-08-04T07:03:25"", ""student_id"": ""402101906""}"
398.37,message,home/telemetry/402101906,"{""cpu_temp_c"": 46.7, ""timestamp"": ""2026-08-04T07:03:25Z"", ""student_id"": ""402101906""}"
402.72,message,home/persons/402101906,"{""count"": 1, ""timestamp"": ""2026-08-04T07:03:30"", ""student_id"": ""402101906""}"
402.72,message,home/telemetry/402101906,"{""cpu_temp_c"": 46.1, ""timestamp"": ""2026-08-04T07:03:30Z"", ""student_id"": ""402101906""}"
404.71,message,home/persons/402101906,"{""count"": 1, ""timestamp"": ""2026-08-04T07:03:31"", ""student_id"": ""402101906""}"
404.71,message,home/telemetry/402101906,"{""cpu_temp_c"": 47.1, ""timestamp"": ""2026-08-04T07:03:32Z"", ""student_id"": ""402101906""}"
406.71,message,home/persons/402101906,"{""count"": 1, ""timestamp"": ""2026-08-04T07:03:34"", ""student_id"": ""402101906""}"
406.71,message,home/telemetry/402101906,"{""cpu_temp_c"": 48.4, ""timestamp"": ""2026-08-04T07:03:34Z"", ""student_id"": ""402101906""}"
408.71,message,home/persons/402101906,"{""count"": 1, ""timestamp"": ""2026-08-04T07:03:35"", ""student_id"": ""402101906""}"
408.71,message,home/telemetry/402101906,"{""cpu_temp_c"": 47.2, ""timestamp"": ""2026-08-04T07:03:36Z"", ""student_id"": ""402101906""}"
410.71,message,home/persons/402101906,"{""count"": 1, ""timestamp"": ""2026-08-04T07:03:37"", ""student_id"": ""402101906""}"
410.71,message,home/telemetry/402101906,"{""cpu_temp_c"": 42.1, ""timestamp"": ""2026-08-04T07:03:38Z"", ""student_id"": ""402101906""}"
412.71,message,home/persons/402101906,"{""count"": 1, ""timestamp"": ""2026-08-04T07:03:40"", ""student_id"": ""402101906""}"
412.71,message,home/telemetry/402101906,"{""cpu_temp_c"": 43.6, ""timestamp"": ""2026-08-04T07:03:40Z"", ""student_id"": ""402101906""}"
414.71,message,home/persons/402101906,"{""count"": 0, ""timestamp"": ""2026-08-04T07:03:41"", ""student_id"": ""402101906""}"
414.72,message,home/telemetry/402101906,"{""cpu_temp_c"": 47.1, ""timestamp"": ""2026-08-04T07:03:42Z"", ""student_id"": ""402101906""}"
416.74,message,home/persons/402101906,"{""count"": 1, ""timestamp"": ""2026-08-04T07:03:43"", ""student_id"": ""402101906""}"
416.74,message,home/telemetry/402101906,"{""cpu_temp_c"": 47.0, ""timestamp"": ""2026-08-04T07:03:44Z"", ""student_id"": ""402101906""}"
418.72,message,home/persons/402101906,"{""count"": 1, ""timestamp"": ""2026-08-04T07:03:46"", ""student_id"": ""402101906""}"
418.72,message,home/telemetry/402101906,"{""cpu_temp_c"": 45.7, ""timestamp"": ""2026-08-04T07:03:46Z"", ""student_id"": ""402101906""}"
420.72,message,home/persons/402101906,"{""count"": 1, ""timestamp"": ""2026-08-04T07:03:46"", ""student_id"": ""402101906""}"
420.72,message,home/telemetry/402101906,"{""cpu_temp_c"": 42.8, ""timestamp"": ""2026-08-04T07:03:48Z"", ""student_id"": ""402101906""}"
422.72,message,home/persons/402101906,"{""count"": 1, ""timestamp"": ""2026-08-04T07:03:50"", ""student_id"": ""402101906""}"
422.72,message,home/telemetry/402101906,"{""cpu_temp_c"": 44.8, ""timestamp"": ""2026-08-04T07:03:50Z"", ""student_id"": ""402101906""}"
424.72,message,home/persons/402101906,"{""count"": 1, ""timestamp"": ""2026-08-04T07:03:51"", ""student_id"": ""402101906""}"
424.73,message,home/telemetry/402101906,"{""cpu_temp_c"": 42.3, ""timestamp"": ""2026-08-04T07:03:52Z"", ""student_id"": ""402101906""}"
426.72,message,home/persons/402101906,"{""count"": 1, ""timestamp"": ""2026-08-04T07:03:53"", ""student_id"": ""402101906""}"
426.72,message,home/telemetry/402101906,"{""cpu_temp_c"": 38.8, ""timestamp"": ""2026-08-04T07:03:54Z"", ""student_id"": ""402101906""}"
428.72,message,home/persons/402101906,"{""count"": 1, ""timestamp"": ""2026-08-04T07:03:55"", ""student_id"": ""402101906""}"
428.72,message,home/telemetry/402101906,"{""cpu_temp_c"": 45.2, ""timestamp"": ""2026-08-04T07:03:56Z"", ""student_id"": ""402101906""}"
433.17,message,home/persons/402101906,"{""count"": 1, ""timestamp"": ""2026-08-04T07:03:59"", ""student_id"": ""402101906""}"
433.18,message,home/telemetry/402101906,"{""cpu_temp_c"": 40.8, ""timestamp"": ""2026-08-04T07:04:00Z"", ""student_id"": ""402101906""}"
435.18,message,home/persons/402101906,"{""count"": 1, ""timestamp"": ""2026-08-04T07:04:02"", ""student_id"": ""402101906""}"
435.18,message,home/telemetry/402101906,"{""cpu_temp_c"": 47.2, ""timestamp"": ""2026-08-04T07:04:02Z"", ""student_id"": ""402101906""}"
437.18,message,home/persons/402101906,"{""count"": 1, ""timestamp"": ""2026-08-04T07:04:04"", ""student_id"": ""402101906""}"
437.18,message,home/telemetry/402101906,"{""cpu_temp_c"": 48.3, ""timestamp"": ""2026-08-04T07:04:04Z"", ""student_id"": ""402101906""}"
439.18,message,home/persons/402101906,"{""count"": 1, ""timestamp"": ""2026-08-04T07:04:06"", ""student_id"": ""402101906""}"
439.19,message,home/telemetry/402101906,"{""cpu_temp_c"": 49.7, ""timestamp"": ""2026-08-04T07:04:06Z"", ""student_id"": ""402101906""}"
441.18,message,home/persons/402101906,"{""count"": 0, ""timestamp"": ""2026-08-04T07:04:08"", ""student_id"": ""402101906""}"
441.18,message,home/telemetry/402101906,"{""cpu_temp_c"": 48.6, ""timestamp"": ""2026-08-04T07:04:08Z"", ""student_id"": ""402101906""}"
443.18,message,home/persons/402101906,"{""count"": 0, ""timestamp"": ""2026-08-04T07:04:10"", ""student_id"": ""402101906""}"
443.19,message,home/telemetry/402101906,"{""cpu_temp_c"": 47.2, ""timestamp"": ""2026-08-04T07:04:10Z"", ""student_id"": ""402101906""}"
445.2,message,home/persons/402101906,"{""count"": 0, ""timestamp"": ""2026-08-04T07:04:12"", ""student_id"": ""402101906""}"
445.21,message,home/telemetry/402101906,"{""cpu_temp_c"": 47.9, ""timestamp"": ""2026-08-04T07:04:12Z"", ""student_id"": ""402101906""}"
447.18,message,home/persons/402101906,"{""count"": 0, ""timestamp"": ""2026-08-04T07:04:14"", ""student_id"": ""402101906""}"
447.19,message,home/telemetry/402101906,"{""cpu_temp_c"": 46.3, ""timestamp"": ""2026-08-04T07:04:14Z"", ""student_id"": ""402101906""}"
449.19,message,home/persons/402101906,"{""count"": 1, ""timestamp"": ""2026-08-04T07:04:16"", ""student_id"": ""402101906""}"
449.2,message,home/telemetry/402101906,"{""cpu_temp_c"": 50.2, ""timestamp"": ""2026-08-04T07:04:16Z"", ""student_id"": ""402101906""}"
451.24,message,home/persons/402101906,"{""count"": 1, ""timestamp"": ""2026-08-04T07:04:18"", ""student_id"": ""402101906""}"
451.25,message,home/telemetry/402101906,"{""cpu_temp_c"": 48.2, ""timestamp"": ""2026-08-04T07:04:18Z"", ""student_id"": ""402101906""}"
453.26,message,home/persons/402101906,"{""count"": 1, ""timestamp"": ""2026-08-04T07:04:20"", ""student_id"": ""402101906""}"
453.26,message,home/telemetry/402101906,"{""cpu_temp_c"": 48.6, ""timestamp"": ""2026-08-04T07:04:20Z"", ""student_id"": ""402101906""}"
455.19,message,home/persons/402101906,"{""count"": 1, ""timestamp"": ""2026-08-04T07:04:22"", ""student_id"": ""402101906""}"
455.19,message,home/telemetry/402101906,"{""cpu_temp_c"": 47.0, ""timestamp"": ""2026-08-04T07:04:22Z"", ""student_id"": ""402101906""}"
457.19,message,home/persons/402101906,"{""count"": 1, ""timestamp"": ""2026-08-04T07:04:24"", ""student_id"": ""402101906""}"
457.19,message,home/telemetry/402101906,"{""cpu_temp_c"": 44.0, ""timestamp"": ""2026-08-04T07:04:24Z"", ""student_id"": ""402101906""}"
459.23,message,home/persons/402101906,"{""count"": 1, ""timestamp"": ""2026-08-04T07:04:26"", ""student_id"": ""402101906""}"
459.23,message,home/telemetry/402101906,"{""cpu_temp_c"": 48.5, ""timestamp"": ""2026-08-04T07:04:26Z"", ""student_id"": ""402101906""}"
463.6,message,home/persons/402101906,"{""count"": 1, ""timestamp"": ""2026-08-04T07:04:30"", ""student_id"": ""402101906""}"
463.61,message,home/telemetry/402101906,"{""cpu_temp_c"": 39.9, ""timestamp"": ""2026-08-04T07:04:31Z"", ""student_id"": ""402101906""}"
465.61,message,home/persons/402101906,"{""count"": 1, ""timestamp"": ""2026-08-04T07:04:32"", ""student_id"": ""402101906""}"
465.61,message,home/telemetry/402101906,"{""cpu_temp_c"": 48.3, ""timestamp"": ""2026-08-04T07:04:33Z"", ""student_id"": ""402101906""}"
467.61,message,home/persons/402101906,"{""count"": 1, ""timestamp"": ""2026-08-04T07:04:35"", ""student_id"": ""402101906""}"
467.61,message,home/telemetry/402101906,"{""cpu_temp_c"": 45.1, ""timestamp"": ""2026-08-04T07:04:35Z"", ""student_id"": ""402101906""}"
469.61,message,home/persons/402101906,"{""count"": 1, ""timestamp"": ""2026-08-04T07:04:35"", ""student_id"": ""402101906""}"
469.62,message,home/telemetry/402101906,"{""cpu_temp_c"": 41.7, ""timestamp"": ""2026-08-04T07:04:37Z"", ""student_id"": ""402101906""}"
471.61,message,home/persons/402101906,"{""count"": 1, ""timestamp"": ""2026-08-04T07:04:38"", ""student_id"": ""402101906""}"
471.61,message,home/telemetry/402101906,"{""cpu_temp_c"": 46.9, ""timestamp"": ""2026-08-04T07:04:39Z"", ""student_id"": ""402101906""}"
473.61,message,home/persons/402101906,"{""count"": 1, ""timestamp"": ""2026-08-04T07:04:40"", ""student_id"": ""402101906""}"
473.61,message,home/telemetry/402101906,"{""cpu_temp_c"": 45.8, ""timestamp"": ""2026-08-04T07:04:41Z"", ""student_id"": ""402101906""}"
475.63,message,home/persons/402101906,"{""count"": 1, ""timestamp"": ""2026-08-04T07:04:42"", ""student_id"": ""402101906""}"
475.63,message,home/telemetry/402101906,"{""cpu_temp_c"": 45.9, ""timestamp"": ""2026-08-04T07:04:43Z"", ""student_id"": ""402101906""}"
477.61,message,home/persons/402101906,"{""count"": 1, ""timestamp"": ""2026-08-04T07:04:45"", ""student_id"": ""402101906""}"
477.62,message,home/telemetry/402101906,"{""cpu_temp_c"": 48.2, ""timestamp"": ""2026-08-04T07:04:45Z"", ""student_id"": ""402101906""}"
479.61,message,home/persons/402101906,"{""count"": 1, ""timestamp"": ""2026-08-04T07:04:46"", ""student_id"": ""402101906""}"
479.62,message,home/telemetry/402101906,"{""cpu_temp_c"": 45.3, ""timestamp"": ""2026-08-04T07:04:47Z"", ""student_id"": ""402101906""}"
481.61,message,home/persons/402101906,"{""count"": 1, ""timestamp"": ""2026-08-04T07:04:49"", ""student_id"": ""402101906""}"
481.63,message,home/telemetry/402101906,"{""cpu_temp_c"": 47.6, ""timestamp"": ""2026-08-04T07:04:49Z"", ""student_id"": ""402101906""}"
483.64,message,home/persons/402101906,"{""count"": 1, ""timestamp"": ""2026-08-04T07:04:50"", ""student_id"": ""402101906""}"
483.64,message,home/telemetry/402101906,"{""cpu_temp_c"": 48.5, ""timestamp"": ""2026-08-04T07:04:51Z"", ""student_id"": ""402101906""}"
485.62,message,home/persons/402101906,"{""count"": 1, ""timestamp"": ""2026-08-04T07:04:52"", ""student_id"": ""402101906""}"
485.62,message,home/telemetry/402101906,"{""cpu_temp_c"": 46.1, ""timestamp"": ""2026-08-04T07:04:53Z"", ""student_id"": ""402101906""}"
487.62,message,home/persons/402101906,"{""count"": 1, ""timestamp"": ""2026-08-04T07:04:54"", ""student_id"": ""402101906""}"
487.62,message,home/telemetry/402101906,"{""cpu_temp_c"": 41.4, ""timestamp"": ""2026-08-04T07:04:55Z"", ""student_id"": ""402101906""}"
489.62,message,home/persons/402101906,"{""count"": 1, ""timestamp"": ""2026-08-04T07:04:56"", ""student_id"": ""402101906""}"
489.62,message,home/telemetry/402101906,"{""cpu_temp_c"": 45.8, ""timestamp"": ""2026-08-04T07:04:57Z"", ""student_id"": ""402101906""}"
493.94,message,home/persons/402101906,"{""count"": 1, ""timestamp"": ""2026-08-04T07:05:00"", ""student_id"": ""402101906""}"
493.95,message,home/telemetry/402101906,"{""cpu_temp_c"": 46.9, ""timestamp"": ""2026-08-04T07:05:01Z"", ""student_id"": ""402101906""}"
495.88,message,home/persons/402101906,"{""count"": 1, ""timestamp"": ""2026-08-04T07:05:03"", ""student_id"": ""402101906""}"
495.9,message,home/telemetry/402101906,"{""cpu_temp_c"": 46.4, ""timestamp"": ""2026-08-04T07:05:03Z"", ""student_id"": ""402101906""}"
497.88,message,home/persons/402101906,"{""count"": 1, ""timestamp"": ""2026-08-04T07:05:04"", ""student_id"": ""402101906""}"
497.89,message,home/telemetry/402101906,"{""cpu_temp_c"": 48.4, ""timestamp"": ""2026-08-04T07:05:05Z"", ""student_id"": ""402101906""}"
499.98,message,home/persons/402101906,"{""count"": 1, ""timestamp"": ""2026-08-04T07:05:07"", ""student_id"": ""402101906""}"
499.98,message,home/telemetry/402101906,"{""cpu_temp_c"": 46.7, ""timestamp"": ""2026-08-04T07:05:07Z"", ""student_id"": ""402101906""}"
500.99,disconnected,,rc=0
