elapsed_s,cpu_temp_c,cpu_percent,throttled,target_fps,processing_scale,stress_active
0.0,43.5,97.4,False,15.0,1.0,False
2.07,42.2,93.7,False,15.0,1.0,False
4.12,40.4,88.7,False,15.0,1.0,False
6.17,41.6,90.8,False,15.0,1.0,False
8.23,46.3,93.8,False,15.0,1.0,False
10.29,44.2,95.4,False,15.0,1.0,False
12.34,44.2,93.6,False,15.0,1.0,False
14.39,44.4,90.3,False,15.0,1.0,False
16.45,46.1,91.9,False,15.0,1.0,False
18.5,45.7,94.6,False,15.0,1.0,False
20.56,43.0,90.7,False,15.0,1.0,True
22.65,42.0,100.0,False,15.0,1.0,True
24.76,42.8,100.0,False,15.0,1.0,True
26.83,42.7,100.0,False,15.0,1.0,True
28.9,42.7,100.0,False,15.0,1.0,True
30.99,45.2,100.0,False,15.0,1.0,True
33.09,41.3,100.0,False,15.0,1.0,True
35.16,43.2,100.0,False,15.0,1.0,True
37.22,43.3,100.0,False,15.0,1.0,True
39.31,42.4,100.0,False,15.0,1.0,True
41.42,42.6,100.0,False,15.0,1.0,True
43.5,42.3,100.0,False,15.0,1.0,True
45.57,44.5,100.0,False,15.0,1.0,True
47.64,44.9,100.0,False,15.0,1.0,True
49.71,44.7,100.0,False,15.0,1.0,True
51.81,43.0,100.0,False,15.0,1.0,True
53.89,43.5,100.0,False,15.0,1.0,True
55.98,42.1,100.0,False,15.0,1.0,True
58.06,39.1,100.0,False,15.0,1.0,True
60.14,41.3,100.0,False,15.0,1.0,True
62.2,41.1,100.0,False,15.0,1.0,True
64.28,42.4,100.0,False,15.0,1.0,True
66.37,42.6,100.0,False,15.0,1.0,True
68.43,41.6,100.0,False,15.0,1.0,True
70.49,44.4,100.0,False,15.0,1.0,True
72.57,41.1,100.0,False,15.0,1.0,True
74.63,41.1,100.0,False,15.0,1.0,True
76.71,40.2,100.0,False,15.0,1.0,True
78.79,42.1,100.0,False,15.0,1.0,True
80.88,42.0,100.0,False,15.0,1.0,True
82.99,43.8,100.0,False,15.0,1.0,True
85.06,40.3,100.0,False,15.0,1.0,True
87.16,44.9,100.0,False,15.0,1.0,True
89.23,42.3,100.0,False,15.0,1.0,True
91.31,41.7,100.0,False,15.0,1.0,True
93.4,39.2,100.0,False,15.0,1.0,True
95.47,41.6,100.0,False,15.0,1.0,True
97.54,43.0,100.0,False,15.0,1.0,True
99.62,42.7,100.0,False,15.0,1.0,True
101.7,40.5,100.0,False,15.0,1.0,True
103.79,42.1,100.0,False,15.0,1.0,True
105.86,42.0,100.0,False,15.0,1.0,True
107.95,43.9,100.0,False,15.0,1.0,True
110.0,43.5,100.0,False,15.0,1.0,True
112.11,41.5,100.0,False,15.0,1.0,True
114.18,41.8,100.0,False,15.0,1.0,True
116.27,41.7,100.0,False,15.0,1.0,True
118.33,40.4,100.0,False,15.0,1.0,True
120.39,41.5,100.0,False,15.0,1.0,True
122.47,41.0,100.0,False,15.0,1.0,True
124.54,42.1,100.0,False,15.0,1.0,True
126.63,43.2,100.0,False,15.0,1.0,True
128.7,42.0,100.0,False,15.0,1.0,True
130.78,44.5,100.0,False,15.0,1.0,True
132.87,43.0,100.0,False,15.0,1.0,True
134.98,44.6,100.0,False,15.0,1.0,True
137.05,40.9,100.0,False,15.0,1.0,True
139.11,42.0,100.0,False,15.0,1.0,True
141.19,43.4,100.0,False,15.0,1.0,True
143.27,41.6,100.0,False,15.0,1.0,True
145.36,40.1,100.0,False,15.0,1.0,True
147.45,41.5,100.0,False,15.0,1.0,True
149.51,42.9,100.0,False,15.0,1.0,True
151.59,41.1,100.0,False,15.0,1.0,True
153.7,41.6,100.0,False,15.0,1.0,True
155.78,40.1,100.0,False,15.0,1.0,True
157.84,39.9,100.0,False,15.0,1.0,True
159.91,40.5,100.0,False,15.0,1.0,True
161.99,39.0,100.0,False,15.0,1.0,True
164.07,43.3,100.0,False,15.0,1.0,True
166.15,40.1,100.0,False,15.0,1.0,True
168.24,39.8,100.0,False,15.0,1.0,True
170.33,42.7,100.0,False,15.0,1.0,True
172.44,41.0,100.0,False,15.0,1.0,True
174.5,40.5,100.0,False,15.0,1.0,True
176.57,43.3,100.0,False,15.0,1.0,True
178.64,40.8,100.0,False,15.0,1.0,True
180.71,40.4,100.0,False,15.0,1.0,True
182.78,43.3,100.0,False,15.0,1.0,True
184.86,38.2,100.0,False,15.0,1.0,True
186.96,39.1,100.0,False,15.0,1.0,True
189.04,41.5,100.0,False,15.0,1.0,True
191.13,40.8,100.0,False,15.0,1.0,True
193.22,42.3,100.0,False,15.0,1.0,True
195.28,40.4,100.0,False,15.0,1.0,True
197.37,41.0,100.0,False,15.0,1.0,True
199.45,42.4,100.0,False,15.0,1.0,True
201.53,43.4,95.5,False,15.0,1.0,False
203.59,40.3,89.7,False,15.0,1.0,False
205.64,41.6,96.2,False,15.0,1.0,False
207.69,39.6,92.6,False,15.0,1.0,False
209.74,38.9,96.1,False,15.0,1.0,False
211.8,40.7,97.7,False,15.0,1.0,False
213.86,43.9,94.0,False,15.0,1.0,False
215.91,40.1,96.7,False,15.0,1.0,False
217.97,43.6,94.4,False,15.0,1.0,False
220.02,40.5,92.0,False,15.0,1.0,False
222.08,41.6,95.1,False,15.0,1.0,False
224.13,40.4,93.8,False,15.0,1.0,False
226.18,43.3,90.8,False,15.0,1.0,False
228.23,40.5,86.8,False,15.0,1.0,False
230.27,42.9,92.9,False,15.0,1.0,False
232.33,39.7,95.5,False,15.0,1.0,False
234.38,41.8,96.0,False,15.0,1.0,False
236.44,43.4,94.0,False,15.0,1.0,False
238.49,41.7,96.4,False,15.0,1.0,False
240.54,41.6,91.7,False,15.0,1.0,False
242.6,43.8,94.6,False,15.0,1.0,False
244.65,41.6,94.3,False,15.0,1.0,False
246.7,40.9,91.5,False,15.0,1.0,False
248.75,40.5,94.4,False,15.0,1.0,False
250.81,40.5,86.9,False,15.0,1.0,False
252.86,41.1,94.4,False,15.0,1.0,False
254.91,40.4,91.3,False,15.0,1.0,False
256.96,39.8,93.3,False,15.0,1.0,False
259.02,38.9,92.7,False,15.0,1.0,False
261.08,43.2,95.1,False,15.0,1.0,False
263.13,39.8,94.6,False,15.0,1.0,False
265.18,42.3,93.1,False,15.0,1.0,False
267.23,40.7,94.5,False,15.0,1.0,False
269.29,42.8,100.0,False,15.0,1.0,False
271.34,39.8,72.5,False,15.0,1.0,False
273.39,40.7,100.0,False,15.0,1.0,False
275.44,40.4,82.7,False,15.0,1.0,False
277.5,41.1,100.0,False,15.0,1.0,False
279.55,42.8,94.6,False,15.0,1.0,False
281.6,40.9,93.8,False,15.0,1.0,False
283.66,40.8,100.0,False,15.0,1.0,False
285.71,43.3,100.0,False,15.0,1.0,False
287.76,41.3,92.0,False,15.0,1.0,False
289.81,39.7,100.0,False,15.0,1.0,False
291.86,41.0,100.0,False,15.0,1.0,False
293.91,41.3,100.0,False,15.0,1.0,False
295.96,40.1,100.0,False,15.0,1.0,False
298.02,40.7,87.4,False,15.0,1.0,False
